{
  "project_info": {
    "project_number": "915057312228",
    "project_id": "di-customer-react-native-app",
    "storage_bucket": "di-customer-react-native-app.appspot.com"
  },
  "client": [
    {
      "client_info": {
        "mobilesdk_app_id": "1:915057312228:android:716cf2c24a2c0716cac7f1",
        "android_client_info": {
          "package_name": "com.di.customerapp"
        }
      },
      "oauth_client": [
        {
          "client_id": "915057312228-7hrk45eabk61d6725o8hqmoj3i9jhui4.apps.googleusercontent.com",
          "client_type": 3
        }
      ],
      "api_key": [
        {
          "current_key": "AIzaSyCQdYmkCC4rFNV5s8Q_4qT_4q1R6Ar1u-Y"
        }
      ],
      "services": {
        "appinvite_service": {
          "other_platform_oauth_client": [
            {
              "client_id": "915057312228-7hrk45eabk61d6725o8hqmoj3i9jhui4.apps.googleusercontent.com",
              "client_type": 3
            }
          ]
        }
      }
    }
  ],
  "configuration_version": "1"
}